{
  "conv": {
    "lr": {
      "0": 0.04,
      "1": 0.032,
      "2": 0.025600000000000005,
      "3": 0.020480000000000005,
      "4": 0.016384000000000003,
      "5": 0.013107200000000003,
      "6": 0.010485760000000004,
      "7": 0.008388608000000004,
      "8": 0.006710886400000004,
      "9": 0.005368709120000002,
      "10": 0.0042949672960000025,
      "11": 0.0034359738368000023,
      "12": 0.0027487790694400017,
      "13": 0.0021990232555520015,
      "14": 0.0017592186044416015,
      "15": 0.0014073748835532812
    }
  },
  "p4sgan": {
    "loss": {
      "train": {
        "0": 0.007812055240794005,
        "1": -0.0038313847646218348,
        "2": -0.024572900150864642,
        "3": -0.028660348260446507,
        "4": -0.037301187736416296,
        "5": -0.0398062203012036,
        "6": -0.04153731739258065,
        "7": -0.04243952030846976,
        "8": -0.043259290615897374,
        "9": -0.04382662920121154,
        "10": -0.044354362084585076,
        "11": -0.04472386348166617,
        "12": -0.045230752961263394,
        "13": -0.045576549965331996,
        "14": -0.045775280253986965,
        "15": -0.04598521065320904
      },
      "valid": {
        "0": 0.0004445642972474589,
        "1": -0.017608737737378654,
        "2": -0.029472526601132226,
        "3": -0.03582274793263744,
        "4": -0.03754947224960608,
        "5": -0.03907379080705783,
        "6": -0.038658012690789556,
        "7": -0.03833765426979346,
        "8": -0.03782476912088254,
        "9": -0.038561602287432724,
        "10": -0.038648704505142045,
        "11": -0.03768105344737277,
        "12": -0.03795874644728268,
        "13": -0.03819877281785011,
        "14": -0.03816518143695943,
        "15": -0.03777391726479811
      }
    },
    "loss_0": {
      "train": {
        "0": 0.019447764763145022,
        "1": 0.016533342817992108,
        "2": 0.009163233934063044,
        "3": 0.008383125791587441,
        "4": 0.0059865718260744575,
        "5": 0.005493657111413608,
        "6": 0.005316163358442923,
        "7": 0.00526677918666763,
        "8": 0.005227295572266859,
        "9": 0.0052063506332592725,
        "10": 0.005169881090555525,
        "11": 0.005156684346598198,
        "12": 0.005143343220249965,
        "13": 0.0051338025200184925,
        "14": 0.005131495910026639,
        "15": 0.0051290040448038286
      },
      "valid": {
        "0": 0.006476933766594704,
        "1": 0.006214279462309445,
        "2": 0.006791658069500152,
        "3": 0.005878467359306181,
        "4": 0.00584110154715531,
        "5": 0.005475611371152541,
        "6": 0.005681572235463297,
        "7": 0.005518447717323023,
        "8": 0.005574633476927,
        "9": 0.00554097186335746,
        "10": 0.005546263693010106,
        "11": 0.0055836984230314985,
        "12": 0.005572036018266398,
        "13": 0.0055512867813162945,
        "14": 0.005562022410552292,
        "15": 0.005593392094049384
      }
    },
    "loss_1": {
      "train": {
        "0": 0.11635709269081845,
        "1": 0.20364727333348193,
        "2": 0.33736133433844706,
        "3": 0.370434734312927,
        "4": 0.4328775873820706,
        "5": 0.4529987672065718,
        "6": 0.4685347972951863,
        "7": 0.47706298793063445,
        "8": 0.4848658539590792,
        "9": 0.4903297912481144,
        "10": 0.49524242238761074,
        "11": 0.4988054701915154,
        "12": 0.503740954722754,
        "13": 0.5071035178538361,
        "14": 0.5090677542654098,
        "15": 0.5111421393862677
      },
      "valid": {
        "0": 0.060323693597798836,
        "1": 0.2382301679428886,
        "2": 0.3626418429262498,
        "3": 0.4170121480436886,
        "4": 0.4339057364884545,
        "5": 0.4454940189333523,
        "6": 0.44339583375874686,
        "7": 0.43856101526933555,
        "8": 0.43399402148583355,
        "9": 0.4410257357008317,
        "10": 0.44194967957103953,
        "11": 0.4326475104864906,
        "12": 0.4353078147944282,
        "13": 0.43750058728105884,
        "14": 0.43727202450527863,
        "15": 0.43367308378219604
      }
    }
  }
}